{
  "models": [
    {
      "model": "xgboost",
      "spearman": 0.5091306642631893,
      "weight": 0.34854480624198914
    },
    {
      "model": "lightgbm",
      "spearman": 0.49406437777325346,
      "weight": 0.33823060989379883
    },
    {
      "model": "residual_mlp",
      "spearman": 0.4575372988628169,
      "weight": 0.31322458386421204
    }
  ],
  "spearman": 0.5269929555223536,
  "rmse": 2.2075958340018875,
  "path": "/Users/skku_aws2_18/team4_project/lung/liver_pipline/outputs/model_runs/oof_groupcv_weighted_top3_ensemble.parquet"
}