{
  "input_shape": [
    3396,
    5011
  ],
  "feature_count": 4998,
  "strong_context_onehot_features": 32,
  "smiles_svd_features": 64,
  "metrics": {
    "groupcv__lightgbm": {
      "spearman": 0.4784422782161368,
      "rmse": 2.327097621271661
    },
    "groupcv__xgboost": {
      "spearman": 0.4893855204885233,
      "rmse": 2.2471238933542894
    },
    "groupcv__residual_mlp": {
      "spearman": 0.46659433622363794,
      "rmse": 2.2523870521535017
    },
    "groupcv__tabnet": {
      "spearman": 0.07975502266857475,
      "rmse": 2.606442476844889
    },
    "randomcv__lightgbm": {
      "spearman": 0.8446162026935841,
      "rmse": 1.1799532862484754
    },
    "randomcv__xgboost": {
      "spearman": 0.8434463229988215,
      "rmse": 1.18424134116765
    },
    "randomcv__residual_mlp": {
      "spearman": 0.8124316962329676,
      "rmse": 1.2853718029005827
    },
    "randomcv__tabnet": {
      "spearman": 0.10949561663495305,
      "rmse": 2.582946338174425
    }
  },
  "groupcv_ensemble": {
    "models": [
      {
        "model": "xgboost",
        "spearman": 0.4893855204885233,
        "weight": 0.34117257595062256
      },
      {
        "model": "lightgbm",
        "spearman": 0.4784422782161368,
        "weight": 0.3335435688495636
      },
      {
        "model": "residual_mlp",
        "spearman": 0.46659433622363794,
        "weight": 0.32528382539749146
      }
    ],
    "spearman": 0.5158283260401216,
    "rmse": 2.1911573081641342,
    "path": "/Users/skku_aws2_18/team4_project/lung/liver_pipline/outputs/model_runs/oof_groupcv_weighted_top3_ensemble.parquet"
  }
}